{
  "reference_path": "reference/c4.wav",
  "preset_path": "assets/presets/default.json",
  "output_preset": "out/dual-ir/c4-preset.json",
  "output_ir": "out/dual-ir/c4-ir.wav",
  "sample_rate": 48000,
  "note": 60,
  "velocity": 115,
  "release_after_seconds": 2.1351734935866666,
  "elapsed_seconds": 147.123381561,
  "evaluations": 60,
  "mayfly_variant": "desma",
  "best_score": 0.4420807354190898,
  "best_similarity": 0.1706188868489318,
  "best_metrics": {
    "sample_rate": 48000,
    "reference_frames": 291878,
    "candidate_frames": 204672,
    "aligned_frames": 204603,
    "lag_samples": 447,
    "time_rmse": 0.1327973642591085,
    "envelope_rmse_db": 12.67909104514772,
    "spectral_rmse_db": 16.92716308271855,
    "ref_decay_db_per_s": -5.867222006318621,
    "cand_decay_db_per_s": -7.945402123139014,
    "decay_diff_db_per_s": 2.078180116820393,
    "score": 0.4420807354190898,
    "similarity": 0.1706188868489318
  },
  "best_ir_knobs": {
    "body_brightness": 0.8528341057779473,
    "body_decay": 0.2738345394520782,
    "body_density": 0.6901376955256051,
    "body_direct": 0.5849892734209671,
    "body_dry": 0.6514316359403116,
    "body_duration": 0.2198870999636292,
    "body_gain": 0.6261763514894084,
    "body_modes": 28,
    "hammer_contact_time_scale": 0.962106604228396,
    "hammer_damping_scale": 1.234438978842903,
    "hammer_exponent_scale": 0.8555650427715173,
    "hammer_initial_velocity_scale": 1.1393121099060324,
    "hammer_stiffness_scale": 1.1441220272219355,
    "output_gain": 1.3978426790291043,
    "per_note.60.inharmonicity": 0.36172359862505904,
    "per_note.60.loss": 0.9980808323404733,
    "per_note.60.strike_position": 0.39242947673477857,
    "render.release_after": 2.1351734935866666,
    "render.velocity": 115,
    "room_brightness": 0.9128916119962991,
    "room_duration": 1.8926741620795802,
    "room_early": 10,
    "room_high_decay": 0.21537596065716746,
    "room_late": 0.004109467772303239,
    "room_low_decay": 1.1026749816872827,
    "room_stereo_width": 0.13367782690874877,
    "room_wet": 0.4479786538416636,
    "unison_crossfeed": 0.0024517748831054276,
    "unison_detune_scale": 0.32373484598186497
  },
  "checkpoint_count": 1,
  "top_candidates": [
    {
      "eval": 36,
      "score": 0.4420807354190898,
      "similarity": 0.1706188868489318,
      "knobs": {
        "body_brightness": 0.8528341057779473,
        "body_decay": 0.2738345394520782,
        "body_density": 0.6901376955256051,
        "body_direct": 0.5849892734209671,
        "body_dry": 0.6514316359403116,
        "body_duration": 0.2198870999636292,
        "body_gain": 0.6261763514894084,
        "body_modes": 28,
        "hammer_contact_time_scale": 0.962106604228396,
        "hammer_damping_scale": 1.234438978842903,
        "hammer_exponent_scale": 0.8555650427715173,
        "hammer_initial_velocity_scale": 1.1393121099060324,
        "hammer_stiffness_scale": 1.1441220272219355,
        "output_gain": 1.3978426790291043,
        "per_note.60.inharmonicity": 0.36172359862505904,
        "per_note.60.loss": 0.9980808323404733,
        "per_note.60.strike_position": 0.39242947673477857,
        "render.release_after": 2.1351734935866666,
        "render.velocity": 115,
        "room_brightness": 0.9128916119962991,
        "room_duration": 1.8926741620795802,
        "room_early": 10,
        "room_high_decay": 0.21537596065716746,
        "room_late": 0.004109467772303239,
        "room_low_decay": 1.1026749816872827,
        "room_stereo_width": 0.13367782690874877,
        "room_wet": 0.4479786538416636,
        "unison_crossfeed": 0.0024517748831054276,
        "unison_detune_scale": 0.32373484598186497
      }
    },
    {
      "eval": 1,
      "score": 0.45273282882572957,
      "similarity": 0.1635017941512463,
      "knobs": {
        "body_brightness": 1,
        "body_decay": 0.1,
        "body_density": 2,
        "body_direct": 0.6,
        "body_dry": 1,
        "body_duration": 0.05,
        "body_gain": 1,
        "body_modes": 32,
        "hammer_contact_time_scale": 1.065402626991272,
        "hammer_damping_scale": 0.6000000238418579,
        "hammer_exponent_scale": 1.1498854160308838,
        "hammer_initial_velocity_scale": 0.8179458379745483,
        "hammer_stiffness_scale": 0.7395359873771667,
        "output_gain": 1.2001837491989136,
        "per_note.60.inharmonicity": 0.6,
        "per_note.60.loss": 0.9933724403381348,
        "per_note.60.strike_position": 0.08673359453678131,
        "render.release_after": 3.5,
        "render.velocity": 118,
        "room_brightness": 0.8,
        "room_duration": 1,
        "room_early": 24,
        "room_high_decay": 0.2,
        "room_late": 0.06,
        "room_low_decay": 1.2,
        "room_stereo_width": 0.6,
        "room_wet": 0,
        "unison_crossfeed": 0.003742618253454566,
        "unison_detune_scale": 0.9019647836685181
      }
    },
    {
      "eval": 44,
      "score": 0.5453771980119891,
      "similarity": 0.11287110308013545,
      "knobs": {
        "body_brightness": 0.8960707586914695,
        "body_decay": 0.4170390933011496,
        "body_density": 3.3344092437367654,
        "body_direct": 0.9706199116206112,
        "body_dry": 0.6462613124696064,
        "body_duration": 0.2204204892714046,
        "body_gain": 1.7981968162434268,
        "body_modes": 37,
        "hammer_contact_time_scale": 0.9254186666250123,
        "hammer_damping_scale": 0.7843928380815514,
        "hammer_exponent_scale": 1.090394401690295,
        "hammer_initial_velocity_scale": 1.3390529447396133,
        "hammer_stiffness_scale": 1.2138992610304604,
        "output_gain": 1.2798016085102648,
        "per_note.60.inharmonicity": 0.2221160516491085,
        "per_note.60.loss": 0.9921300071312189,
        "per_note.60.strike_position": 0.16122335453514425,
        "render.release_after": 1.6819318623326587,
        "render.velocity": 125,
        "room_brightness": 1.1438103944187006,
        "room_duration": 0.5287292985422408,
        "room_early": 1,
        "room_high_decay": 0.34523496459678266,
        "room_late": 0.001677552875702504,
        "room_low_decay": 1.2650365183673464,
        "room_stereo_width": 0.945029951257985,
        "room_wet": 0.6062781599648852,
        "unison_crossfeed": 0.002441719046405454,
        "unison_detune_scale": 0.2446144035051299
      }
    },
    {
      "eval": 40,
      "score": 0.5641997620566926,
      "similarity": 0.10468504078718313,
      "knobs": {
        "body_brightness": 1.4351150270275137,
        "body_decay": 0.11696295033863156,
        "body_density": 2.170616345205585,
        "body_direct": 1.0968092610520455,
        "body_dry": 0.7637907948354583,
        "body_duration": 0.26291741950940667,
        "body_gain": 1.1245970189404635,
        "body_modes": 17,
        "hammer_contact_time_scale": 1.210366236450359,
        "hammer_damping_scale": 1.168801295084609,
        "hammer_exponent_scale": 1.1596738548019703,
        "hammer_initial_velocity_scale": 0.7968651388336154,
        "hammer_stiffness_scale": 1.3475708978826932,
        "output_gain": 1.5654177439034447,
        "per_note.60.inharmonicity": 0.21855082892093702,
        "per_note.60.loss": 0.994144341074492,
        "per_note.60.strike_position": 0.13756222364791468,
        "render.release_after": 1.9708278339575123,
        "render.velocity": 43,
        "room_brightness": 0.7491652282283721,
        "room_duration": 1.1432509287329986,
        "room_early": 32,
        "room_high_decay": 0.5981916523511808,
        "room_late": 0.004154125102456324,
        "room_low_decay": 2.255933278159895,
        "room_stereo_width": 0.18682020101709493,
        "room_wet": 0.8183489494549866,
        "unison_crossfeed": 0.0021126063724164644,
        "unison_detune_scale": 0.8268332047465007
      }
    },
    {
      "eval": 31,
      "score": 0.5918241256773191,
      "similarity": 0.09373379309687899,