{
  "reference_path": "reference/c4.wav",
  "preset_path": "assets/presets/fitted-c4-smoke.json",
  "output_preset": "assets/presets/fitted-c4-mayfly-test-improve.json",
  "sample_rate": 48000,
  "note": 60,
  "elapsed_seconds": 13.131229442,
  "evaluations": 10,
  "mayfly_variant": "desma",
  "best_score": 0.5985883420076893,
  "best_similarity": 0.09123165315676839,
  "best_metrics": {
    "sample_rate": 48000,
    "reference_frames": 291878,
    "candidate_frames": 132608,
    "aligned_frames": 132543,
    "lag_samples": 1270,
    "time_rmse": 0.1637354242239733,
    "envelope_rmse_db": 13.873456683753265,
    "spectral_rmse_db": 24.31816988787116,
    "ref_decay_db_per_s": -7.93959225539705,
    "cand_decay_db_per_s": -19.48945759644574,
    "decay_diff_db_per_s": 11.549865341048688,
    "score": 0.5985883420076893,
    "similarity": 0.09123165315676839
  },
  "best_knobs": {
    "hammer_contact_time_scale": 1.5825377883993843,
    "hammer_damping_scale": 1.1400274722307064,
    "hammer_exponent_scale": 0.9481195509921069,
    "hammer_initial_velocity_scale": 1.3449634676372701,
    "hammer_stiffness_scale": 0.6639338333040743,
    "ir_dry_mix": 0.025500702844390155,
    "ir_gain": 0.9906598948150506,
    "ir_wet_mix": 1.3371010113949167,
    "output_gain": 0.4133101142645801,
    "per_note.60.inharmonicity": 0.21833322401875108,
    "per_note.60.loss": 0.9868750966081806,
    "per_note.60.strike_position": 0.3694643751500129,
    "render.release_after": 3.4449164622318666,
    "render.velocity": 63,
    "unison_crossfeed": 0.004647047944089481,
    "unison_detune_scale": 0.13832344987160508
  },
  "checkpoint_count": 0
}
