{
  "reference_path": "reference/c4.wav",
  "preset_path": "assets/presets/default.json",
  "output_preset": "assets/presets/fitted-c4-mayfly.json",
  "sample_rate": 48000,
  "note": 60,
  "elapsed_seconds": 684.034881365,
  "evaluations": 2000,
  "mayfly_variant": "desma",
  "best_score": 0.4072737556656052,
  "best_similarity": 0.19610696620705517,
  "best_metrics": {
    "sample_rate": 48000,
    "reference_frames": 291878,
    "candidate_frames": 168960,
    "aligned_frames": 168947,
    "lag_samples": 1156,
    "time_rmse": 0.13590440914752758,
    "envelope_rmse_db": 3.9485564708351375,
    "spectral_rmse_db": 20.722675054068553,
    "ref_decay_db_per_s": -5.932932506817945,
    "cand_decay_db_per_s": -7.01481967773183,
    "decay_diff_db_per_s": 1.0818871709138849,
    "score": 0.4072737556656052,
    "similarity": 0.19610696620705517
  },
  "best_knobs": {
    "hammer_contact_time_scale": 1.0407686267013518,
    "hammer_damping_scale": 0.6,
    "hammer_exponent_scale": 1.18182746467075,
    "hammer_initial_velocity_scale": 0.8687231514393754,
    "hammer_stiffness_scale": 0.644802702352937,
    "ir_dry_mix": 0.6520305683255297,
    "ir_gain": 2.012178995893176,
    "ir_wet_mix": 1.2920811443399522,
    "output_gain": 1.1615146096680422,
    "per_note.60.inharmonicity": 0.6,
    "per_note.60.loss": 0.9932731493564996,
    "per_note.60.strike_position": 0.08,
    "render.release_after": 3.5,
    "render.velocity": 126,
    "unison_crossfeed": 0.004353405301634779,
    "unison_detune_scale": 0.8096128776375349
  },
  "checkpoint_count": 0
}
