{
  "reference_path": "reference/c4.wav",
  "preset_path": "assets/presets/default.json",
  "output_preset": "assets/presets/fitted-c4-mayfly-just-smoke.json",
  "sample_rate": 48000,
  "note": 60,
  "elapsed_seconds": 8.323490418,
  "evaluations": 6,
  "mayfly_variant": "desma",
  "best_score": 0.5249067629546185,
  "best_similarity": 0.12250210667252734,
  "best_metrics": {
    "sample_rate": 48000,
    "reference_frames": 291878,
    "candidate_frames": 140416,
    "aligned_frames": 140397,
    "lag_samples": 1132,
    "time_rmse": 0.13617115099094212,
    "envelope_rmse_db": 11.59912546785022,
    "spectral_rmse_db": 23.236854845207155,
    "ref_decay_db_per_s": -7.210050401547875,
    "cand_decay_db_per_s": -15.86963824545842,
    "decay_diff_db_per_s": 8.659587843910545,
    "score": 0.5249067629546185,
    "similarity": 0.12250210667252734
  },
  "best_knobs": {
    "hammer_contact_time_scale": 1.0893513002424182,
    "hammer_damping_scale": 0.7519752513163735,
    "hammer_exponent_scale": 1.0250292099663656,
    "hammer_initial_velocity_scale": 1.296208134241264,
    "hammer_stiffness_scale": 1.0148549264225597,
    "ir_dry_mix": 0.20081950903354892,
    "ir_gain": 1.7605860877848856,
    "ir_wet_mix": 1.1134488364812631,
    "output_gain": 1.0448496105154292,
    "per_note.60.inharmonicity": 0.5267166169334676,
    "per_note.60.loss": 0.9928561059073713,
    "per_note.60.strike_position": 0.12219228460378825,
    "render.release_after": 2.890467027315234,
    "render.velocity": 102,
    "unison_crossfeed": 0.0005779884361000929,
    "unison_detune_scale": 1.7467352820306785
  },
  "checkpoint_count": 0
}
