{
  "reference_path": "reference/c4.wav",
  "preset_path": "assets/presets/default.json",
  "output_preset": "assets/presets/fitted-c4-mayfly.json",
  "sample_rate": 48000,
  "note": 60,
  "elapsed_seconds": 402.424546646,
  "evaluations": 5000,
  "mayfly_variant": "desma",
  "best_score": 0.38389775203191356,
  "best_similarity": 0.21532839272602416,
  "best_metrics": {
    "sample_rate": 48000,
    "reference_frames": 291878,
    "candidate_frames": 168960,
    "aligned_frames": 168906,
    "lag_samples": 424,
    "time_rmse": 0.11218261916812139,
    "envelope_rmse_db": 4.068885050283683,
    "spectral_rmse_db": 20.772380599889235,
    "ref_decay_db_per_s": -5.9506900564701555,
    "cand_decay_db_per_s": -7.990004086402137,
    "decay_diff_db_per_s": 2.0393140299319814,
    "score": 0.38389775203191356,
    "similarity": 0.21532839272602416
  },
  "best_knobs": {
    "hammer_contact_time_scale": 0.7,
    "hammer_damping_scale": 1.4633535605299262,
    "hammer_exponent_scale": 1.1868780959364122,
    "hammer_initial_velocity_scale": 0.9928228927023319,
    "hammer_stiffness_scale": 1.2196248382125248,
    "ir_dry_mix": 0.44925929478147897,
    "ir_gain": 1.7203046433339297,
    "ir_wet_mix": 1.1887957362363608,
    "output_gain": 1.356751418868595,
    "per_note.60.inharmonicity": 0,
    "per_note.60.loss": 0.9947462356389027,
    "per_note.60.strike_position": 0.29448892162239837,
    "render.release_after": 3.5,
    "render.velocity": 85,
    "unison_crossfeed": 0.0023618946174427716,
    "unison_detune_scale": 0.7742882809312492
  },
  "checkpoint_count": 0
}
