{
  "reference_path": "reference/c4.wav",
  "preset_path": "assets/presets/default.json",
  "output_preset": "assets/presets/fitted-c4-mayfly.json",
  "sample_rate": 48000,
  "note": 60,
  "elapsed_seconds": 7.30887248,
  "evaluations": 5,
  "mayfly_variant": "desma",
  "best_score": 0.4452255320871346,
  "best_similarity": 0.1684860826165292,
  "best_metrics": {
    "sample_rate": 48000,
    "reference_frames": 291878,
    "candidate_frames": 140928,
    "aligned_frames": 140908,
    "lag_samples": 1135,
    "time_rmse": 0.14104202153217912,
    "envelope_rmse_db": 5.975605518476755,
    "spectral_rmse_db": 22.305504360120768,
    "ref_decay_db_per_s": -7.1761043000636136,
    "cand_decay_db_per_s": -8.008997631620693,
    "decay_diff_db_per_s": 0.832893331557079,
    "score": 0.4452255320871346,
    "similarity": 0.1684860826165292
  },
  "best_knobs": {
    "hammer_contact_time_scale": 1.0961618218086207,
    "hammer_damping_scale": 0.6194157312753892,
    "hammer_exponent_scale": 1.042341137806871,
    "hammer_initial_velocity_scale": 0.8710948660968622,
    "hammer_stiffness_scale": 0.9606114050954384,
    "ir_dry_mix": 0.6025720949243065,
    "ir_gain": 1.8758912793128846,
    "ir_wet_mix": 1.3357544079438224,
    "output_gain": 1.1135110236398575,
    "per_note.60.inharmonicity": 0.5989403234865517,
    "per_note.60.loss": 0.9940649379349784,
    "per_note.60.strike_position": 0.12877420275851653,
    "render.release_after": 2.8947783417906465,
    "render.velocity": 108,
    "unison_crossfeed": 0.0030693058571058494,
    "unison_detune_scale": 1.4280628045718353
  },
  "checkpoint_count": 0
}
