{
  "reference_path": "reference/c4.wav",
  "preset_path": "assets/presets/default.json",
  "output_preset": "assets/presets/fitted-c4-smoke.json",
  "sample_rate": 48000,
  "note": 60,
  "elapsed_seconds": 21.237569859,
  "evaluations": 13,
  "best_score": 0.5814536915023825,
  "best_similarity": 0.09770380587248848,
  "best_metrics": {
    "sample_rate": 48000,
    "reference_frames": 291878,
    "candidate_frames": 98688,
    "aligned_frames": 98642,
    "lag_samples": 1703,
    "time_rmse": 0.17864090645440378,
    "envelope_rmse_db": 14.903868063824255,
    "spectral_rmse_db": 22.388409721418608,
    "ref_decay_db_per_s": -11.29929731697816,
    "cand_decay_db_per_s": -6.232202380700023,
    "decay_diff_db_per_s": 5.067094936278138,
    "score": 0.5814536915023825,
    "similarity": 0.09770380587248848
  },
  "best_knobs": {
    "hammer_contact_time_scale": 0.8942127077501711,
    "hammer_damping_scale": 1.217409821819491,
    "hammer_exponent_scale": 1.0256859413814623,
    "hammer_initial_velocity_scale": 0.9780756359256519,
    "hammer_stiffness_scale": 1.1329426067748813,
    "ir_dry_mix": 0,
    "ir_gain": 1.0723412574801543,
    "ir_wet_mix": 0.9182526242653174,
    "output_gain": 1,
    "per_note.60.inharmonicity": 0.09424486777647208,
    "per_note.60.loss": 0.9985351788162533,
    "per_note.60.strike_position": 0.18340495414143504,
    "render.release_after": 2,
    "render.velocity": 106,
    "unison_crossfeed": 0.00016304111182425146,
    "unison_detune_scale": 0.8201058138624528
  }
}
